Text,pos,neg
Upgraded: $DHI $ROST $GWB $ROSE $YUM $TRUE $SSI $LOW $MOS $PETM $PDCO $SNE $RYN $AKRX $AMKR http://t.co/TRx9EnjwT5 #nyse #finance #dow #spy,1,0
CORRUPT WALL STREET STOCK MARKET COLLAPSES TO NEVER RECOUPERATE http://t.co/Ol4CO2Pyec #wallstreet #nyse #dollar #money #stocks #finance,0,1
High Frequency Trading: Just Another Evolutionary Abuse Against Individual Investors http://t.co/c73ivay6CS #NYSE,0,1
High Frequency Trading: Just Another Evolutionary Abuse Against Individual Investors http://t.co/EMALhbbA26 #NYSE,0,1
"RT @homelessdave0: Iran #Nuclear Deadline Approaches
http://t.co/V2o5Ew2ewk
#OIL#LNG#GENTRIFICATION#DTES
"RT @homelessdave0: Iran #Nuclear Deadline Approaches
http://t.co/V2o5Ew2ewk
#OIL#LNG#GENTRIFICATION#DTES
"RT @homelessdave0: Iran #Nuclear Deadline Approaches
http://t.co/V2o5Ew2ewk
#OIL#LNG#GENTRIFICATION#DTES
"Iran #Nuclear Deadline Approaches
http://t.co/V2o5Ew2ewk
#OIL#LNG#GENTRIFICATION#DTES
My Full trade diary for this great #Swing #Trade on $EXC - fantastic 3.4% profit on my trading account balance http://t.co/CbsHUBIw9p #nyse,1,0
Great Western reports improved profit http://t.co/WgHe9Pc6Ss #NYSE,1,0
Great Western reports improved profit http://t.co/tTABFYI4pe #NYSE,1,0
list of #biotech companies who have raised the most money via secondaries since 2010: http://t.co/FvpnWyBHpr #Pharma #Nasdaq #NYSE,1,0
All-Time Highs: $AON $BRFS $BPL $MPC $ACMP $FL $KEYS $DLPH $HON $EEP $SBAC $SXL $ADM $SWFT $IPXL http://t.co/Vv2VEnpBuv #finance #mkt #nyse,1,0
#NYSE #stocks : #Markets: Wash Real Estate Investment : shaky 2015 growth &amp; profits forecast. http://t.co/J4ldPqI9zL,0,1
European Union Wants To Bust Up Google http://t.co/971SLs4huV $GOOG $GOOGL #Google #Stocks #Investing #NYSE #NASDAQ,0,1
RBS And Software Firm Settle Over IT Failure http://t.co/Af0bbRb7CE #NYSE,0,1
RBS And Software Firm Settle Over IT Failure http://t.co/OhBnst3IoU #NYSE,0,1
"#Trading Indicators  End of the trend? http://t.co/fqvfLSqee3
RT @crazycanuck655: Amazon Leases Entire Manhattan Building http://t.co/E1ZOoUvwC1 $AMZN #newyork #NYSE #NASDAQ #Invest,1,0
"Alibaba Group - Top New Position For Hedge Funds, Apple Still First http://t.co/DnY1Q5Ot2V $BABA $AAPL #Stocks #Invest #NYSE #NASDAQ #mkt",1,0
Amazon Leases Entire Manhattan Building http://t.co/E1ZOoUvwC1 $AMZN #newyork #NYSE #NASDAQ #Invest,1,0
"To start the week, percentage of #stocks above their #200-day-sma are: 55% on the #NYSE, 49% on the #Nasdaq, 43% on the #TSE ...",1,0
"#GraphiteStocks Antitrust and competition  the EU weekly briefing (17 November 2014): 
RT @HotKeyTrading: Downgraded: $DCI $PDCO $EJ $ED $SNCR $WU $INGR $BHI $HIMX $MAR $HAL $ORLY $HL $WMT $SCLN http://t.co/Vv2VEnpBuv #mkt #ny,0,1
"#GraphiteStocks Focus on Research: 3-D printing brings new dimension to manufacturing: 
Foc... http://t.co/HX2KuVOEUC #NYSE #NASDAQ #DOW",1,0
"RT @daf_tv: Opening Bell: NASDAQ 4.279 +0,88% #nyse #dow #wallstreet #market #finance #dax #boerse #chart #trade #aktie #nasdaq #dollar #op",1,0
"RT @daf_tv: Opening Bell: Dow Jones 17.872 +0,87% #nyse #dow #wallstreet #market #finance #dax #boerse #chart #trading #aktie #dollar #open",1,0
India Nifty Futures Gain After China Rate Cut Spurs Asian Stocks http://t.co/YiGgEo1MEG #NYSE,1,0
India Nifty Futures Gain After China Rate Cut Spurs Asian Stocks http://t.co/oYx1k5cJHs #NYSE,1,0
Top Expert Consensus for $FDO is Moderate Buy https://t.co/dsRCLaAnzJ #NYSE #stocks #FDO,1,0
"Swap funds allow diversification, lower taxes http://t.co/MTG4rJKjZx #NYSE",1,0
"Swap funds allow diversification, lower taxes http://t.co/UDsiLQFdwu #NYSE",1,0
All-Time Highs: $AON $BRFS $BPL $MPC $ACMP $FL $KEYS $DLPH $HON $EEP $SBAC $SXL $ADM $SWFT $IPXL http://t.co/Vv2VEnpBuv #swingtrading #nyse,1,0
US stocks ended week on a high note http://t.co/QfrLGIdZWp #NYSE,1,0
US stocks ended week on a high note http://t.co/KEQ4GHxNAz #NYSE,1,0
"RT @TreySongz: By the way, record closing for the Dow. Strongest market in 222 years. #AWHFoundation #Treys30Acts #NYSE #FoodBank4NYC #GIVI",1,0
"Isnt it lovely to be able to kiss and cuddle, hold and gently explore each
Gold Price Prediction: 4.50% Gain In 14 Days http://t.co/tKtzFSoT34 #GoldSilverPredictions #GoldPrediction #stocks #nyse,1,0
Michael Lipper: markets misread the medicine http://t.co/CqcupSBgzz #NYSE,0,1
Michael Lipper: markets misread the medicine http://t.co/HzH7H5OmdT #NYSE,0,1
In Play /  / $FL $ADSK $SHLD $BIG /  / # #nyse #nasdaq #,1,0
http://t.co/VS8RO1tb5N Top 4 NYSE Stocks In The Oil &amp; Gas http://t.co/XhbQWMbK2N #AMID #CMLP #dividendyield #NYSE #Financial #News,1,0
Earnings Surprises: $HIBB $FL $BERY $TNP $WBAI $DCI $LRAD $GLOG $GEOS $PLCE $ARUN $EDAP $GPS $GME $GWB http://t.co/S9oPUZ8PN3 #nasdaq #nyse,1,0
Glad U.S. #stocks continue on the upward trend.  #NYSE,1,0
RT @StockSignaling: Earnings Surprises: $HIBB $FL $BERY $TNP $WBAI $DCI $LRAD $GLOG $GEOS $PLCE $ARUN $EDAP $GPS $GME $GWB http://t.co/S9oP,1,0
RT @StockSignaling: Earnings Surprises: $HIBB $FL $BERY $TNP $WBAI $DCI $LRAD $GLOG $GEOS $PLCE $ARUN $EDAP $GPS $GME $GWB http://t.co/S9oP,1,0
"#GraphiteStocks Gold prices gain in early Asia on weak yen, China stimulus prospects: 
Gold... http://t.co/ltwDQsNYfC #NYSE #NASDAQ #DOW",1,0
Gorilla Glass 4 Promises To Be Tougher Than Ever http://t.co/IsFYODJGpU $GLW $AAPL #NYSE #NASDAQ #Invest,1,0
"Tesla Motors Retooled Factory in Fremont, California-VIDEO http://t.co/Q0xQKxpahV $TSLA #Stocks #NYSE #NASDAQ #Invest #investor",1,0
Ford's new F-150 trucks are shaking up the aluminum industry http://t.co/KujbHqSWdh $AA $F $GM $HMC $TSLA #NYSE #NASDAQ #Invest,1,0
"Asia Stocks Jump As China, Europe Step Up Stimulus http://t.co/HjzFPjj6W6 #Stocks #Asia #Europe Should be good for $SPY $IWM $QQQ #NYSE",1,0
"Futures higher, building on recent gains http://t.co/30j8d51BuI #NYSE",1,0
"Futures higher, building on recent gains http://t.co/QpyH3G3Qlm #NYSE",1,0
$CPC and $CPCE put/call ratio's are low signaling complacency. $SPX $QQQ $QID #stocks #options #futures #NYSE #CME #CBOE,0,1
RT @KeySpeculator: $CPC and $CPCE put/call ratio's are low signaling complacency. $SPX $QQQ $QID #stocks #options #futures #NYSE #CME #CBOE,0,1
"RT @crazycanuck655: Asia Stocks Jump As China, Europe Step Up Stimulus http://t.co/HjzFPjj6W6 #Stocks #Asia #Europe Should be good for $SPY",1,0
"#IT #PINK:DTEGY #NYSE:T
"#GraphiteStocks EMC Announces Name Change To Scandium International Mining Corp.: 
"5 stocks that make up the Top Hedge Funds Holdings http://t.co/azGlplNnBp $AAPL $FB $ACT $AIG $AGN #Stocks #topstocks 
#NYSE #NASDAQ",1,0
Ready for another record breaking day at #NYSE are you ready for some #gains http://t.co/HzBzMeWNeQ,1,0
"RT @crazycanuck655: 5 stocks that make up the Top Hedge Funds Holdings http://t.co/azGlplNnBp $AAPL $FB $ACT $AIG $AGN #Stocks #topstocks 
",1,0
$AV $SPF downgraded by BofA/Merrill from Buy to Neutral. http://t.co/cyxQj8igqB  $DIA $QQQ $SPY #stockdowngrade #stocks #NYSE,0,1
Swedish office space: Polar Star Realty Trust sets terms for $500 million IPO  #nasdaq #nyse #otc http://t.co/80wMwEkY7S,1,0
"Opening Bell: Dow Jones 17.839 +0,16% #nyse #dow #wallstreet #market #finance #dax #boerse #chart #trading #aktie #dollar #opening",1,0
"Opening Bell: NASDAQ 4.264 +0,30% #nyse #dow #wallstreet #market #finance #dax #boerse #chart #trade #aktie #nasdaq #dollar #opening",1,0
$ABBV is a beast!!! Bring on $70!! #nasdaq #amex #nyse #otc #stocktrader #thedude #CA #ABBV,1,0
"Cannabis Science $CBIS Purchases Two Parcels of Cannabis Production Land from Apothecary Genetics, 51 Acres  #NYSE http://t.co/9DSGJ50Zig",1,0
SCGhealth reads: #WallStreet Is Bullish On 2015 #Obamacare Enrollment #HIX #NYSE #hcbusiness #physician via @khnews http://t.co/skwRAlCCLD,1,0
Watch Lennar Corporation rings the NYSE Opening Bell on @livestream: http://t.co/AiHqui5Kc8 #Lennar #NYSE http://t.co/CqU37fH5JO,1,0
RT @LennarAustin: Watch Lennar Corporation rings the NYSE Opening Bell on @livestream: http://t.co/AiHqui5Kc8 #Lennar #NYSE http://t.co/CqU,1,0
RT @LennarAustin: Watch Lennar Corporation rings the NYSE Opening Bell on @livestream: http://t.co/AiHqui5Kc8 #Lennar #NYSE http://t.co/CqU,1,0
RT @LennarAustin: Watch Lennar Corporation rings the NYSE Opening Bell on @livestream: http://t.co/AiHqui5Kc8 #Lennar #NYSE http://t.co/CqU,1,0
"#GraphiteStocks Insider Trading Alert:Entegris Inc , American Capital: 
Stocks are at all-time highs http://t.co/atrkTwR4BO #nasdaq #nyse #stocks #markets #record #trading #brokers #traders http://t.co/qAfSbaMzpO,1,0
RT @LennarAustin: Watch Lennar Corporation rings the NYSE Opening Bell on @livestream: http://t.co/AiHqui5Kc8 #Lennar #NYSE http://t.co/CqU,1,0
#MarketAnalysis Big Week For US #Data | http://t.co/y1uO0Kqq9q #NYSE #WallStreet #investing #money #WarrenBuffett #stockmarket #stocks,1,0
"Labstyle innovations-announces-two-board-appointments-peter-kash-hila-karah http://t.co/n2wiyDXogj #DayTrader #DayTrading, #NASDAQ, #NYSE,",1,0
RT @LennarAustin: Watch Lennar Corporation rings the NYSE Opening Bell on @livestream: http://t.co/AiHqui5Kc8 #Lennar #NYSE http://t.co/CqU,1,0
4-star analyst Sherri Scribner from Deutsche Bank maintained a BUY on $HPQ. Sherri has a 73.8% success rate http://t.co/1RYiVUUiqE #NYSE,1,0
RT @LennarAustin: Watch Lennar Corporation rings the NYSE Opening Bell on @livestream: http://t.co/AiHqui5Kc8 #Lennar #NYSE http://t.co/CqU,1,0
Annual Highs: $BKW $NKTR $TMO $BFR $XL $TSEM $WY $SNPS $AAWW $AON $BRFS $BPL $TSM $MPC $ACMP http://t.co/TRx9EnjwT5 #nyse #stocks #analyst,1,0
"RT @OpFunKill: Steal tweet!
0-star analyst Alex Henderson from Needham upgraded rating on $BLOX to BUY. Alex has a 35.4% success rate http://t.co/tORCBKguHJ #NYSE,1,0
US stocks inch further into record territory http://t.co/TECadVZG0C #NYSE,1,0
US stocks inch further into record territory http://t.co/aKVQlmvetS #NYSE,1,0
"RT @Crowdnetic: @luancox, @Crowdnetic CEO will be speaking at the Growth of #PrivateCompany #Investing - tomorrow #NYSE @ACEportal https://",1,0
"RT @Crowdnetic: @luancox, @Crowdnetic CEO will be speaking at the Growth of #PrivateCompany #Investing - tomorrow #NYSE @ACEportal https://",1,0
"RT @Crowdnetic: @luancox, @Crowdnetic CEO will be speaking at the Growth of #PrivateCompany #Investing - tomorrow #NYSE @ACEportal https://",1,0
"@luancox, @Crowdnetic CEO will be speaking at the Growth of #PrivateCompany #Investing - tomorrow #NYSE @ACEportal https://t.co/doKUjdNqkX",1,0
Yingli Green Energy to Power Europe's Largest Solar Plant http://t.co/2sMWvhtDXq $YGE #Solar #Stocks #NYSE #CleanEnergy #Energy #Investing,1,0
"RT @Crowdnetic: @luancox, @Crowdnetic CEO will be speaking at the Growth of #PrivateCompany #Investing - tomorrow #NYSE @ACEportal https://",1,0
"RT @Crowdnetic: @luancox, @Crowdnetic CEO will be speaking at the Growth of #PrivateCompany #Investing - tomorrow #NYSE @ACEportal https://",1,0
TSX racks up more declines as energy stocks sell off on oil price collapse http://t.co/EcDQnjL2Ep #NYSE,0,1
TSX racks up more declines as energy stocks sell off on oil price collapse http://t.co/RPcV4fzkkv #NYSE,0,1
.@usmc celebrating the 67th yr of #ToysForTots wll ring the closing bell on the .@nyse #NYSE,1,0
Premium Alerts Ranked #1 For Gains 2834% Last Week http://t.co/SVqoMlijqL .. #StockCharts #NYSE #America,1,0
3-star analyst Simeon Gutman from Morgan Stanley maintained a SELL on $TGT. Simeon has a 78.9% success rate http://t.co/yhhTlHdtQG #NYSE,0,1
$VIX's diverging lower from #NYSE declining issues - advancing issues. Internals a little somber here. $spy $qqq $tlt http://t.co/zMpBqh6BHQ,0,1
RT @LennarAustin: Watch Lennar Corporation rings the NYSE Opening Bell on @livestream: http://t.co/AiHqui5Kc8 #Lennar #NYSE http://t.co/CqU,1,0
U.S. Stocks Rise From Records Amid Confidence in Economy http://t.co/lHpvXBkPuV via @BloombergNews #bullmarket #NYSE @dowjones,1,0
5-star analyst Arjun Murti from Goldman Sachs rated $XOM w/a SELL. Arjun has a 82.4% success rate http://t.co/wlV1q0n2o6 #NYSE #stocks,1,0
$BABA stock settling into its own.  Time to play it as a long term investment.  #stocks #investment $twtr $aapl $bidu $yhoo #nyse,1,0
"#IT #NYSE:PCS #musicfreedom
 T-Mobile adds 14 music apps that dont count against data caps - Mobile.. http://t.co/vendzv9JbW",1,0
"#IT #NYSE:SNE #xperiaz3
 Hackers replace Sonys backup app on Google Play - Mobile.. http://t.co/YI7JG0UquQ",0,1
Downgraded: $TYC $DCI $PDCO $EJ $ED $SNCR $WU $INGR $BHI $HIMX $MAR $HAL $ORLY $HL $WMT http://t.co/TRx9EnjwT5 #nyse #finance #investors,0,1
#NYSE #NASDAQ #CBOE #DOW #SP500 Extends Record on Confidence in Global Economy http://t.co/Um8LwXo5H1,1,0
See our great CEO @ViolinMemory present at Barclays Global #Tech event on Dec 10: http://t.co/1VHsKapdFe #NYSE $VMEM http://t.co/aa21tPc6kQ,1,0
0-star analyst Nishu Sood from Deutsche Bank reiterated a BUY on $AWI. Nishu has a 25.0% success rate http://t.co/mwD5vy94Et #NYSE #stocks,1,0
"Dow, S&amp;P 500 at new records; Apple lifts Nasdaq http://t.co/MBrq596el1 #NYSE",1,0
"Dow, S&amp;P 500 at new records; Apple lifts Nasdaq http://t.co/kRi9vKnaw5 #NYSE",1,0
Roberts Realty gets warning from the #NYSE http://t.co/7fUf01XecN #investing #WallStreet #Atlanta http://t.co/nWeEqZaHFu,0,1
Upgraded: $DENN $BEAT $RLGY $BBVA $LL $BERY $SCTY $DHI $ROST $GWB $ROSE $YUM $TRUE $SSI $LOW http://t.co/Vv2VEnpBuv #stock #nyse #stocks,1,0
"#GraphiteStocks Seeking Less Risky Business In Mining M&amp;A [New Gold Inc. (USA), Newmont ...... http://t.co/R15saA3fgF #NYSE #NASDAQ #DOW",1,0
"#GraphiteStocks 3D Systems Corporation (DDD): 2 Growth Areas to Watch: 
3D Systems Corporat... http://t.co/u35Q6eYa2y #NYSE #NASDAQ #DOW",1,0
Aetna Board of Directors Increases Quarterly Cash Dividend by 11 Percent http://t.co/I4JxpWdpG6 #Aetna #AmericanBusinessTV #NYSE,1,0
3-star analyst Pavel Molchanov from Raymond James upgraded rating on $HES to BUY.  http://t.co/xhIF0Wy4iI #NYSE #stocks #HES,1,0
0-star analyst Gail Nicholson from KLR Group rated $EPE w/a BUY. Gail has a 6.7% success rate http://t.co/OzGmyFKRbI #NYSE #stocks #EPE,1,0
0-star analyst Shneur Gershuni from UBS reiterated a BUY on $SHLX. Shneur has a -7.0% avg rtrn http://t.co/AQ1Tmlzfhm #NYSE #stocks #SHLX,1,0
"NYSE, Technology, Active, Previous hour, SD +2.22, #NYSE #Technology",1,0
"NYSE, Technology, Active, Previous hour, SD +3.28, #NYSE #Technology",1,0
"One of the cutest yaks I've seen 
4-star analyst Timothy Mchugh from William Blair reiterated a BUY on $MHFI. Timothy has a 92.9% success rate http://t.co/zWPM9Xs2qg #NYSE,1,0
"#GraphiteStocks http://t.co/RRmtibtDVo Conducts Exploration Program on the Eldor Project, Qu... http://t.co/UhH744Tm3R #NYSE #NASDAQ #DOW",1,0
4-star analyst Bhavan Suri from William Blair reiterated a BUY on $RNG. Bhavan has a 66.7% success rate http://t.co/xnlaKI9OAb #NYSE #stocks,1,0
"No cars? ""That's why we can't have nice things"". -Bane #nyse #stockexchange",0,1
"No nice things, says Bane #tdkr #bane #nyse http://t.co/dyxjyRdlyp",0,1
2-star analyst Joan Storms from Wedbush maintained a BUY on $BIG.  http://t.co/xUPlIWSxSn #NYSE #stocks #BIG,1,0
"RT @OpFunKill: Steal tweet!
"Isnt it lovely to be able to kiss and cuddle, hold and gently explore each
Downgraded: $TYC $DCI $PDCO $EJ $ED $SNCR $WU $INGR $BHI $HIMX $MAR $HAL $ORLY $HL $WMT http://t.co/Vv2VEnpBuv #investing #nyse #dow #mkt,0,1
Investors concernd by #ATT #Verizon spendin in gov spectrum auction  http://t.co/s40HgDh02v #ATTInc #NYSE #YahooFinance,0,1
"Gazit-Globe Declares a Quarterly Dividend of NIS 0.45 Per Share, and an Increase of 2.2% in Its ... http://t.co/FElEzVcnlG #NYSE",1,0
"Gazit-Globe Declares a Quarterly Dividend of NIS 0.45 Per Share, and an Increase of 2.2% in Its ... http://t.co/2894qpuiOw #NYSE",1,0
4-star analyst Buck Horne from Raymond James rated $PHM w/a BUY. Buck has a 72.4% success rate http://t.co/nn8ZgF49UP #NYSE #stocks #PHM,1,0
"#GraphiteStocks NovX21 Inc. Retains Integral Wealth Securities Limited as Market Maker: 
"5 stocks that make up the Top Hedge Funds Holdings http://t.co/azGlplNnBp $AAPL $FB $ACT $AIG $AGN #Stocks #investing 
#NYSE #NASDAQ",1,0
When is one Apple worth more than all the stock in Russia? http://t.co/8w6fOA2SQ7 #NYSE,1,0
When is one Apple worth more than all the stock in Russia? http://t.co/8F0Ct0mTlX #NYSE,1,0
$BIN upgraded by Stifel from Hold to Buy. http://t.co/1aIh4Rkvud  $SPY $DIA $QQQ #stocks #trading #stockupgrade #nasdaq #nyse,1,0
$PBR upgraded by Citigroup from Neutral to Buy. http://t.co/1aIh4Rkvud  $SPY $DIA $QQQ #stocks #trading #stockupgrade #nasdaq #nyse,1,0
$TKC upgraded by BofA/Merrill from Neutral to Buy. http://t.co/1aIh4Rkvud  $SPY $DIA $QQQ #stocks #trading #stockupgrade #nasdaq #nyse,1,0
$BRSS downgraded by Goldman from Buy to Neutral. http://t.co/1aIh4Rkvud $DIA $QQQ $SPY #stockdowngrade #stocks #nyse #nasdaq,0,1
$CYBR downgraded by Nomura from Buy to Neutral. http://t.co/1aIh4Rkvud $DIA $QQQ $SPY #stockdowngrade #stocks #nyse #nasdaq,0,1
$BKU downgraded by Guggenheim from Buy to Neutral. http://t.co/1aIh4Rkvud $DIA $QQQ $SPY #stockdowngrade #stocks #nyse #nasdaq,0,1
"#Trade Liquid #stocks from #Nyse, Long and Short trades, up to 2000% in cumulative profits since 2010. http://t.co/1aIh4Rkvud $DIA $SPY",1,0
"I'm at work. The floor is business as usual. TV is on #CNBC, #NYSE... No sense of empathy whatsoever... 
Upgraded Stocks Active in Pre-Market: $SCTY $ROST $JBLU $TRUE $PETM $THOR $VOLC $BBRY $GERN $AMAT $AMBC $AAPL $ZNGA $PLNR $MDLZ #nyse #spy,1,0
"Opening Bell: Dow Jones 17.836 +0,10% #nyse #dow #wallstreet #market #finance #dax #boerse #chart #trading #aktie #dollar #opening",1,0
"Opening Bell: NASDAQ 4.297 +0,32% #nyse #dow #wallstreet #market #finance #dax #boerse #chart #trade #aktie #nasdaq #dollar #opening",1,0
The only retail stock that ever made me $$$ ($ANF) is at a 52-week low just before #BlackFriday. We never had this conversation. #DOW #NYSE,1,0
NYSE warns Roberts Realty Investors http://t.co/scknVYYKUo #NYSE,0,1
NYSE warns Roberts Realty Investors http://t.co/x9AB3st3MS #NYSE,0,1
"#GraphiteStocks LiqTech's Path To $100 Million In Sales: 
2-star analyst Shaun Kelly from Merrill Lynch maintained a BUY on $SNOW.  http://t.co/NwBcdF78Qm #NYSE #stocks #SNOW,1,0
Just bought 115 shares of @Cabelas stock at $52.9. What do you think @jimcramer ? They're expanding aggressively #Cabelas @StockTwits #NYSE,1,0
Just bought 245 shares of @Cabelas stock at $52.9. What do you think @jimcramer ? They're expanding aggressively #Cabelas @StockTwits #NYSE,1,0
"#IT #NYSE:SNE #NYSE:PCS
 Sonys smartphones unit lost billions in 2014. Whats next? - Mobile.. http://t.co/DYRam3wIMA",0,1
"#IT #NYSE:T #NSDQ:QCOM
 Sonim XP7: A rugged phone handles everything you can throw at it - Mobile.. http://t.co/1xl99B3s6j",1,0
0-star analyst Kim Pacanovsky from Imperial Capital rated $ESTE w/a BUY. Kim has a 20.7% success rate http://t.co/J009Fzl8j7 #NYSE MKT,1,0
"$NXTD looking good! 
#nasdaq
#money
#nyse
#trading
#wallstreet",1,0
Our team is heading to #NYC to ring the closing bell today! #nyse #nysebell #healthenthusiasts #teamvitaminshoppe  http://t.co/AQ6fNJdKrr,1,0
RT @VitaminShoppe: Our team is heading to #NYC to ring the closing bell today! #nyse #nysebell #healthenthusiasts #teamvitaminshoppe  http,1,0
RT @VitaminShoppe: Our team is heading to #NYC to ring the closing bell today! #nyse #nysebell #healthenthusiasts #teamvitaminshoppe  http,1,0
"#EnEsteMomento precio #nyse del #caf:
KCZ14 (Dec '14)  $192.20  +2.55  
OPen: $189.90  High: $191.75  Low: $187.80",1,0
Deutsche Bank appointed as depositary bank for the NYSE-Listed Level III American Depositary ... http://t.co/dH75Zvws6w #NYSE,1,0
Deutsche Bank appointed as depositary bank for the NYSE-Listed Level III American Depositary ... http://t.co/ri9E4pcFo5 #NYSE,1,0
2-star analyst Patrick Newton from Stifel Nicolaus reiterated a BUY on $DDD.  http://t.co/FEeON43ECU #NYSE #stocks #DDD,1,0
Israel Corporation Moves Forward With the Proposed Strategic Separation of its Holdin... http://t.co/HA3Nz8Yfru #NYSE,1,0
Israel Corporation Moves Forward With the Proposed Strategic Separation of its Holdin... http://t.co/o6HSVg0gp3 #NYSE,1,0
We are excited to ring the closing bell today here at the #nyse and share it with you live from the trading floor  http://t.co/G7twS95XCq,1,0
RT @VitaminShoppe: We are excited to ring the closing bell today here at the #nyse and share it with you live from the trading floor  http,1,0
RT @VitaminShoppe: We are excited to ring the closing bell today here at the #nyse and share it with you live from the trading floor  http,1,0
RT @VitaminShoppe: How many #healthenthusiasts does it take to ring the #nysebell stay tuned for the closing bell today. #nyse @nyse http:/,1,0
How many #healthenthusiasts does it take to ring the #nysebell stay tuned for the closing bell today. #nyse @nyse http://t.co/t4ZtNShpuT,1,0
RT @VitaminShoppe: Our team is heading to #NYC to ring the closing bell today! #nyse #nysebell #healthenthusiasts #teamvitaminshoppe  http,1,0
RT @VitaminShoppe: How many #healthenthusiasts does it take to ring the #nysebell stay tuned for the closing bell today. #nyse @nyse http:/,1,0
RT @VitaminShoppe: How many #healthenthusiasts does it take to ring the #nysebell stay tuned for the closing bell today. #nyse @nyse http:/,1,0
"FIFA Loses another Major Sponsor, Sony (NYSE: SNE)

#SonyCorporation, #SNE, #CocaCola, #KO, #NYSE, #V, #Visa,... http://t.co/l3p1xQQpK6",0,1
RT @Delphinusdelph: #SeaWorld #Stocks #Financial #Advice #NYSE #MadMoney #Markets #RealMoney #JimCramer #TheStreet SELL !!! http://t.co/TBW,0,1
RT @Delphinusdelph: #SeaWorld #Stocks #Financial #Advice #NYSE #MadMoney #Markets #RealMoney #JimCramer #TheStreet SELL !!! http://t.co/TBW,0,1
"RT @financialbuzz: FIFA Loses another Major Sponsor, Sony (NYSE: SNE)

#SonyCorporation, #SNE, #CocaCola, #KO, #NYSE, #V, #Visa,... http://",0,1
"@CNN @MadiganWSJ Continue Regulatory Fines cause Small Firms To Form Separate Financial Stock Index.

#NYSE breaking news",0,1
#GaveKal Capital: #NYSE #MarginDebt Declines For The 4th Time This Year http://t.co/ZX77s6e36w http://t.co/Iar2xbW1ly,0,1
#NYSE #MarginDebt Declines For The 4th Time This Year http://t.co/ACNWma8VHj,0,1
Keeping the NYSE trading floor stocked with health at the @nyse #nyse #nysebell thank you for having us today http://t.co/iOgMoQAQfS,1,0
RT @GaveKalCapital: #GaveKal Capital: #NYSE #MarginDebt Declines For The 4th Time This Year http://t.co/ZX77s6e36w http://t.co/Iar2xbW1ly,1,0
RT @VitaminShoppe: Keeping the NYSE trading floor stocked with health at the @nyse #nyse #nysebell thank you for having us today http://t.c,1,0
4-star analyst Randy Binner from FBR Capital reiterated a BUY on $AIG. Randy has a 78.6% success rate http://t.co/FaAKymEN1s #NYSE #stocks,1,0
"Tencent Is Becoming A Global Entertainment Power, to compete with AliBaba for content http://t.co/aGPB46rdjX $BABA $LGF $TWX #Stocks #NYSE",1,0
"#GraphiteStocks 2015 Qoros 3 City SUV 1.6T: 
2015 Qoros 3 City SUV 1.6T
"#GraphiteStocks EPA's Power Plant Mercury Rule Gets Review by US Supreme Court: 
RT @VitaminShoppe: Keeping the NYSE trading floor stocked with health at the @nyse #nyse #nysebell thank you for having us today http://t.c,1,0
Closing bell #teamvitaminshoppe at @nyse #nyse #nysebell a great moment for our company. Spreading health &amp; wellness http://t.co/qdnnsVEWiV,1,0
RT @VitaminShoppe: Keeping the NYSE trading floor stocked with health at the @nyse #nyse #nysebell thank you for having us today http://t.c,1,0
RT @VitaminShoppe: Keeping the NYSE trading floor stocked with health at the @nyse #nyse #nysebell thank you for having us today http://t.c,1,0
Got to ring the closing bell at the #NYSE with the greatest company in the world. #EPPIC #VitaminShoppe http://t.co/Cut4mRIB4E,1,0
RT @VitaminShoppe: Keeping the NYSE trading floor stocked with health at the @nyse #nyse #nysebell thank you for having us today http://t.c,1,0
RT @VitaminShoppe: Closing bell #teamvitaminshoppe at @nyse #nyse #nysebell a great moment for our company. Spreading health &amp; wellness htt,1,0
RT @VitaminShoppe: Closing bell #teamvitaminshoppe at @nyse #nyse #nysebell a great moment for our company. Spreading health &amp; wellness htt,1,0
RT @VitaminShoppe: Closing bell #teamvitaminshoppe at @nyse #nyse #nysebell a great moment for our company. Spreading health &amp; wellness htt,1,0
"#IT #NYSE:SNE #NSDQ:QCOM
 Sony Xperia Z4 specs leak, suggest modest improvements - Mobile.. http://t.co/eJLEABkmeE",0,1
"#IT #NYSE:VZ #NSDQ:GOOG
"#IT #NYSE:F #GER:BMW
 Zendrive wants to help on-demand car services find better drivers - Mobile.. http://t.co/W6DiCEIYH4",1,0
#Markets End Day Flat As Holiday Sales Loom http://t.co/M4GtCZUKpF #Invest #StockWatchWeekly #NASDAQ #CrudeOil #NYSE #Target #BuildABear,0,1
@TC_Metals own CEO Jacques Perron was recently at BNN HQ speaking about gold &amp; copper: http://t.co/LcPyxp5Lqo #tsx #nyse #cu #au #mining,1,0
@TC_Metals own CEO Jacques Perron was recently at BNN HQ speaking about gold &amp; copper: http://t.co/lum7nzFMOJ #tsx #nyse #cu #au #mining,1,0
3-star analyst Stephanie Wissink from Piper Jaffray reiterated a BUY on $BBW.  http://t.co/irDOMdQP86 #NYSE #stocks #BBW,1,0
"Goldman, BASF, HSBC accused of metals price fixing - US lawsuit http://t.co/9mfC8hyrGb #NYSE",0,1
"Goldman, BASF, HSBC accused of metals price fixing - US lawsuit http://t.co/pDbvXAlLhX #NYSE",0,1
"#GraphiteStocks Triton Minerals study provides low risk, high returns at Nicanda Hill: 
Tri... http://t.co/86pyW4W62Z #NYSE #NASDAQ #DOW",1,0
"#GraphiteStocks Florian Siegfried: Seeking Less Risky Business In Mining M&amp;A: 
Florian Sieg... http://t.co/p3X3Wuonhg #NYSE #NASDAQ #DOW",1,0
"9 OUT OF 10 #OIL BARRELS #OILSANDS PROD REQUIRE $95
#LNG#COAL#GENTRIFICATION
#FTSE #NYSE #DAX #MOSCOW #BEIJING #MENA #UN
"RT @homelessdave0: 9 OUT OF 10 #OIL BARRELS #OILSANDS PROD REQUIRE $95
#LNG#COAL#GENTRIFICATION
"RT @homelessdave0: 9 OUT OF 10 #OIL BARRELS #OILSANDS PROD REQUIRE $95
#LNG#COAL#GENTRIFICATION
"RT @homelessdave0: 9 OUT OF 10 #OIL BARRELS #OILSANDS PROD REQUIRE $95
#LNG#COAL#GENTRIFICATION
"RT @homelessdave0: 9 OUT OF 10 #OIL BARRELS #OILSANDS PROD REQUIRE $95
#LNG#COAL#GENTRIFICATION
US Voices Concern Over Politicisation of EU's Google Case http://t.co/IK12MQo1iq $GOOG #GOOGL #EU #Stocks #Nasdaq #NYSE,0,1
RT @VitaminShoppe: Keeping the NYSE trading floor stocked with health at the @nyse #nyse #nysebell thank you for having us today http://t.c,1,0
Our team is heading to #NYC to ring the closing bell today! #nyse #nysebell #healthenthusiasts #teamvitaminshoppe  http://t.co/RxlAp4jynY...,1,0
Our team is heading to #NYC to ring the closing bell today! #nyse #nysebell #healthenthusiasts #teamvitaminshoppe  http://t.co/CdMfkmCdMp...,1,0
"RT @daf_tv: Opening Bell: NASDAQ 4.297 +0,32% #nyse #dow #wallstreet #market #finance #dax #boerse #chart #trade #aktie #nasdaq #dollar #op",1,0
"RT @daf_tv: Opening Bell: Dow Jones 17.836 +0,10% #nyse #dow #wallstreet #market #finance #dax #boerse #chart #trading #aktie #dollar #open",1,0
Watch Elizabeth Warren Tear Into the New York Fed Chief Over Agency's 'Regulatory Capture' http://t.co/4XrqsL2h70 #NYSE,0,1
Watch Elizabeth Warren Tear Into the New York Fed Chief Over Agency's 'Regulatory Capture' http://t.co/8IAjeBU0jB #NYSE,0,1
5-star analyst Brent Thill from UBS reiterated a BUY on $WDAY. Brent has a 73.3% success rate http://t.co/99OP0IlQGI #NYSE #stocks #WDAY,1,0
HP Meets Analysts' Q4 Expectations http://t.co/lOnZSryvt9 $HPQ #Stocks #NYSE #NASDAQ,1,0
Top Stock Picks: $BMRN $DISH $DDD $AIG $ABBV $AAPL $YHOO $ARIA $OUTR $JCP http://t.co/Vv2VEnpBuv #finance #nyse #mkt #investing #wallstreet,1,0
CORRUPT WALL STREET STOCK MARKET COLLAPSES TO NEVER RECOUPERATE http://t.co/Ol4CO2Pyec #wallstreet #nyse #stocks #money #finance #dollar,0,1
RT @RobertBornAgain: CORRUPT WALL STREET STOCK MARKET COLLAPSES TO NEVER RECOUPERATE http://t.co/Ol4CO2Pyec #wallstreet #nyse #stocks #mone,0,1
4-star analyst Richard Davis from Canaccord Genuity reiterated a BUY on $WDAY. Richard has a +5.7% avg rtrn http://t.co/WEuJGRgtji #NYSE,1,0
5-star analyst Brian White from Cantor Fitzgerald maintained a BUY on $WDAY. Brian has a 74.4% success rate http://t.co/WEuJGRgtji #NYSE,1,0
"#GraphiteStocks Triton Minerals Limited (ASX:TON) Nicanda Hill Scoping Study: 
"#GraphiteStocks Dam construction and its impacts: 
Dam construction and its impacts
"#GraphiteStocks Triton Minerals study provides low risk, high returns at Nicanda Hill: 
Tri... http://t.co/GhjEzPHjkc #NYSE #NASDAQ #DOW",1,0
Yesterday's All-Time Highs: $HCT $FOXA $APH $CHTR $FCB $EAT $ST $SONC $TMO $WDC $TIF $R $ENH $BWLD $MYCC http://t.co/S9oPUZ8PN3 #stock #nyse,1,0
RT @StockSignaling: Yesterday's All-Time Highs: $HCT $FOXA $APH $CHTR $FCB $EAT $ST $SONC $TMO $WDC $TIF $R $ENH $BWLD $MYCC http://t.co/S9,1,0
"#GraphiteStocks Investor Stock Alert on Price Target:Cimarex Energy Co , Graftech ...: 
4-star analyst Brian Schwartz from Oppenheimer reiterated a BUY on $WDAY. Brian has a +9.8% avg rtrn http://t.co/WEuJGRgtji #NYSE #stocks,1,0
US stock market dips as oil pushes energy sector lower http://t.co/tQUtGrsJGa #NYSE,0,1
US stock market dips as oil pushes energy sector lower http://t.co/rz0G9BmDfj #NYSE,0,1
4-star analyst Sharon Zackfia from William Blair maintained a BUY on $ZOES. Sharon has a 67.9% success rate http://t.co/v98H6SzDVg #NYSE,1,0
"Isnt it lovely to be able to kiss and cuddle, hold and gently explore each
"RT @bbw_escort_xxl: Isnt it lovely to be able to kiss and cuddle, hold and gently explore each
"NYSE, Telecommunications, Positive, Previous hour, SD +1.10, #NYSE #Telecommunications",1,0
"NYSE, Technology, Active, Previous hour, SD +1.47, #NYSE #Technology",1,0
"NYSE, Technology, Active, Previous hour, SD +3.85, #NYSE #Technology",1,0
#NYSE volume analysis does not confirm the uber bullish picture at all http://t.co/2gUMjvLwFi,0,1
"NYSE, Telecommunications, Negative, Previous hour, SD -1.27, #NYSE #Telecommunications",0,1
"NYSE, Technology, Active, Previous hour, SD +1.13, #NYSE #Technology",1,0
"NYSE, Inactive, Previous hour, SD -1.19, #NYSE",0,1
"NYSE, Consumer Services, Inactive, Previous hour, SD -1.00, #NYSE #ConsumerServices",0,1
"NEWS: #SeaWorld Entertainment Misses on Q3 Earnings; #Shares Dip
http://t.co/E7ac50OKWI #Financial #NYSE #SEAS #Blackfish",0,1
"NEWS: #SeaWorld Entertainment Crumbles: #SEAS Falls 9.4% in Session
http://t.co/nrJnkneO8T #Finance #Shares #NYSE #Blackfish",0,1
"#SeaWorld #stocks fall. Falling attendance blamed \o/
http://t.co/gF0F1WeKXU #CNN #Finance #NYSE #SEAS #Blackfish http://t.co/xSGPgHlyd4",0,1
"RT @SeaworId_: #SeaWorld #stocks fall. Falling attendance blamed \o/
http://t.co/gF0F1WeKXU #CNN #Finance #NYSE #SEAS #Blackfish http://t.c",0,1
"RT @SeaworId_: #SeaWorld #stocks fall. Falling attendance blamed \o/
http://t.co/gF0F1WeKXU #CNN #Finance #NYSE #SEAS #Blackfish http://t.c",0,1
RT @SeaworId_: NEWS: SeaWorld flops its most important quarter of the year http://t.co/985AENYqCC #FloppySyndrome #Contagious #StayAway #,0,1
"RT @SeaworId_: NEWS: #SeaWorld Entertainment Crumbles: #SEAS Falls 9.4% in Session
http://t.co/nrJnkneO8T #Finance #Shares #NYSE #Blackfish",0,1
"RT @SeaworId_: NEWS: #SeaWorld Entertainment Misses on Q3 Earnings; #Shares Dip
NEWS: SeaWorld flops its most important quarter of the year http://t.co/985AENYqCC #FloppySyndrome #Contagious #StayAway #Finance #NYSE,0,1
"RT @SeaworId_: NEWS: #SeaWorld Entertainment Crumbles: #SEAS Falls 9.4% in Session
http://t.co/nrJnkneO8T #Finance #Shares #NYSE #Blackfish",0,1
RT @SeaworId_: NEWS: SeaWorld flops its most important quarter of the year http://t.co/985AENYqCC #FloppySyndrome #Contagious #StayAway #,0,1
"#SeaWorld #stocks fall. Falling attendance blamed \o/
http://t.co/RZyoYkmD1w  #CNN #Finance #NYSE #SEAS #Blackfish",0,1
"RT @SeaworId_: #SeaWorld #stocks fall. Falling attendance blamed \o/
http://t.co/gF0F1WeKXU #CNN #Finance #NYSE #SEAS #Blackfish http://t.c",0,1
"Blatant Self Promotion!

http://t.co/KlXYWI1GUs

RT @SeaworId_: NEWS: SeaWorld flops its most important quarter of the year http://t.co/985AENYqCC #FloppySyndrome #Contagious #StayAway #,0,1
"RT @SeaworId_: #SeaWorld #stocks fall. Falling attendance blamed \o/
http://t.co/gF0F1WeKXU #CNN #Finance #NYSE #SEAS #Blackfish http://t.c",0,1
"RT @SeaworId_: NEWS: #SeaWorld Entertainment Misses on Q3 Earnings; #Shares Dip
http://t.co/E7ac50OKWI #Financial #NYSE #SEAS #Blackfish",0,1
Insiders Selling: $MTB $GWR $EBS $AMKR $UCBI $EGOV $RNG $TER $WAB $FIVE $ARIA $JBLU $ESNT $PNC $ACMP http://t.co/TRx9EnjwT5 #spy #dow #nyse,0,1
"RT @SeaworId_: NEWS: #SeaWorld Entertainment Crumbles: #SEAS Falls 9.4% in Session
http://t.co/nrJnkneO8T #Finance #Shares #NYSE #Blackfish",0,1
"RT @SeaworId_: NEWS: #SeaWorld Entertainment Crumbles: #SEAS Falls 9.4% in Session
http://t.co/nrJnkneO8T #Finance #Shares #NYSE #Blackfish",0,1
"RT @SeaworId_: #SeaWorld #stocks fall. Falling attendance blamed \o/
http://t.co/gF0F1WeKXU #CNN #Finance #NYSE #SEAS #Blackfish http://t.c",0,1
"RT @SeaworId_: #SeaWorld #stocks fall. Falling attendance blamed \o/
http://t.co/gF0F1WeKXU #CNN #Finance #NYSE #SEAS #Blackfish http://t.c",0,1
"RT @SeaworId_: #SeaWorld #stocks fall. Falling attendance blamed \o/
http://t.co/gF0F1WeKXU #CNN #Finance #NYSE #SEAS #Blackfish http://t.c",0,1
RT @SeaworId_: NEWS: SeaWorld flops its most important quarter of the year http://t.co/985AENYqCC #FloppySyndrome #Contagious #StayAway #,0,1
3-star analyst Natasha Boyden from MLV &amp; Co. reiterated a BUY on $NM. Natasha has a +7.3% avg rtrn http://t.co/dpjM2mRUKw #NYSE #stocks,1,0
"RT @SeaworId_: #SeaWorld #stocks fall. Falling attendance blamed \o/
http://t.co/gF0F1WeKXU #CNN #Finance #NYSE #SEAS #Blackfish http://t.c",0,1
0-star analyst Vishal Shah from Deutsche Bank maintained a BUY on $YGE. Vishal has a 30.3% success rate http://t.co/HAdor8GcRC #NYSE #stocks,1,0
US Voices Concern Over Politicisation of EU's Google Case http://t.co/IK12MQo1iq $GOOG #GOOGL #EU #Stocks #Nasdaq #NYSE #investor #Invest,0,1
"CP announces plan to purchase up to 1,2M common shares under its share repurchase program http://t.co/skZ2cp1t4p $CP $CP.TO #Stocks #NYSE",1,0
"BlackBerry Discounts Passport, Offers iPhone Trade-In Program http://t.co/9nq2cJsgzd $BBRY $AAPL #NYSE #NASDAQ #Invest",1,0
$DWA upgraded by Morgan Stanley from Equal-Weight to Overweight. http://t.co/1aIh4Rkvud $SPY $DIA $QQQ #stocks #trading #stockupgrade #nyse,1,0
$BWS upgraded by Sterne Agee from Neutral to Buy. http://t.co/1aIh4Rkvud $SPY $DIA $QQQ #stocks #trading #stockupgrade #nyse,1,0
$BDX upgraded by JP Morgan from Neutral to Overweight. http://t.co/1aIh4Rkvud $SPY $DIA $QQQ #stocks #trading #stockupgrade #nyse,1,0
$BURBY upgraded by Nomura from Neutral to Buy. http://t.co/1aIh4Rkvud $SPY $DIA $QQQ #stocks #trading #stockupgrade #nyse,1,0
$CPA downgraded by JP Morgan from Overweight to Neutral. http://t.co/1aIh4Rkvud  $DIA $QQQ $SPY #stockdowngrade #stocks #nyse #nasdaq,0,1
$CUB downgraded by Needham from Buy to Hold. http://t.co/1aIh4Rkvud  $DIA $QQQ $SPY #stockdowngrade #stocks #nyse #nasdaq,0,1
$VNET downgraded by Stifel from Buy to Hold. http://t.co/1aIh4Rkvud  $DIA $QQQ $SPY #stockdowngrade #stocks #nyse #nasdaq,0,1
"Monetary Morphine DayTradingradio's Daily #Newspaper
RT @GaveKalCapital: #GaveKal Capital: #NYSE #MarginDebt Declines For The 4th Time This Year http://t.co/ZX77s6e36w http://t.co/Iar2xbW1ly,0,1
0-star analyst Philip Shen from Roth Capital maintained a BUY on $TSL. Philip has a 31.1% success rate http://t.co/GCmWsvGS6n #NYSE #stocks,1,0
#Scrum is dominant creator of new money according to the #NYSE - #Agile orgs compared to top US IPO's @Wikispeed http://t.co/9nnr1iQgQM,1,0
"RT @deborahyao: Macy's (Thanksgiving Day Parade) rings NYSE opening bell #NYSE
https://t.co/iU1wJfGDfy",1,0
"Macy's (Thanksgiving Day Parade) rings NYSE opening bell #NYSE
https://t.co/iU1wJfGDfy",1,0
RT @SeaworId_: NEWS: SeaWorld flops its most important quarter of the year http://t.co/985AENYqCC #FloppySyndrome #Contagious #StayAway #,0,1
"RT @SeaworId_: #SeaWorld #stocks fall. Falling attendance blamed \o/
http://t.co/gF0F1WeKXU #CNN #Finance #NYSE #SEAS #Blackfish http://t.c",0,1
"#Santa rang the bell on the #NYSE for $M this morning! It's beginning to look a lot like Christmas...*giddy* for Parade, tomorrow!!!",1,0
1-star analyst Amy Noblin from William Blair reiterated a BUY on $DSW. Amy has a 33.3% success rate http://t.co/iTnmPw4FlA #NYSE #stocks,1,0
"#IT #NYSE:T #NSDQ:AMZN
 Amazons Fire Phone is now cheap: $199 without a contract - Mobile.. http://t.co/gMYUiyjL2h",1,0
"OUCH!!! 
#Seaworld #Blackfish
#BlackfishEffect #NYSE $SEAS http://t.co/yDGCOfyChl",0,1
"RT @oceanCRIES: OUCH!!! 
#Seaworld #Blackfish
#BlackfishEffect #NYSE $SEAS http://t.co/yDGCOfyChl",0,1
1-star analyst Karl Chalabala from Canaccord Genuity maintained a BUY on $MHR. Karl has a 0.0% success rate http://t.co/VGtKC5h9Gy #NYSE,1,0
"Saffron on the floor of the #NYSE today, about to ring the #OpeningBell with Santa and Miss USA http://t.co/vDXiKcy32g",1,0
"#NYSE #DOW_JONES
$AAPL $GOOG $FB $AMZN $PCLN

$TWTR 650% http://t.co/oo4pQJEPTy",1,0
Foreign investors show interest in joining Iranian stock exchange http://t.co/3s8Nak5Ckj $DJIA $SPY $SPX #NYSE,1,0
Macy's Celebrates 88th Annual Thanksgiving Day Parade At The NYSE Opening Bell http://t.co/0DnLjrJo7i #NYSE,1,0
Macy's Celebrates 88th Annual Thanksgiving Day Parade At The NYSE Opening Bell http://t.co/EFIPWbIwqS #NYSE,1,0
1-star analyst Jialong Shi from Credit Suisse upgraded rating on $QIHU to BUY.  http://t.co/qtRCq5NwZJ #NYSE #stocks #QIHU,1,0
RT @VitaminShoppe: Keeping the NYSE trading floor stocked with health at the @nyse #nyse #nysebell thank you for having us today http://t.c,1,0
"RT @SeaworId_: NEWS: #SeaWorld Entertainment Crumbles: #SEAS Falls 9.4% in Session
http://t.co/nrJnkneO8T #Finance #Shares #NYSE #Blackfish",0,1
"RT @homelessdave0: 9 OUT OF10 #OILBARRELSOILSANDS PROD REQUIRE$95
#OPEC
#FTSE #NYSE #DAX #KXL#KINDERMORGAN #MENA
#VANPOLI #DTES #INM
"9 OUT OF10 #OILBARRELSOILSANDS PROD REQUIRE$95
#OPEC
#FTSE #NYSE #DAX #KXL#KINDERMORGAN #MENA
#VANPOLI #DTES #INM
"RT @homelessdave0: 9 OUT OF10 #OILBARRELSOILSANDS PROD REQUIRE$95
#OPEC
#FTSE #NYSE #DAX #KXL#KINDERMORGAN #MENA
#VANPOLI #DTES #INM
"RT @homelessdave0: 9 OUT OF10 #OILBARRELSOILSANDS PROD REQUIRE$95
#OPEC
#FTSE #NYSE #DAX #KXL#KINDERMORGAN #MENA
#VANPOLI #DTES #INM
"RT @homelessdave0: 9 OUT OF10 #OILBARRELSOILSANDS PROD REQUIRE$95
#OPEC
#FTSE #NYSE #DAX #KXL#KINDERMORGAN #MENA
#VANPOLI #DTES #INM
Movers and Shakers: Trading on Major News: $NTAP $VIP $ADT $FOSL $SUSQ $BBT $MTOR $BCS $SEAS $DOW $CSIQ $PLUG $EBAY $ZTS $VSLR #stock #nyse,1,0
"#GraphiteStocks Senior UBS FX, Metals Traders Among 11 Said to Face Swiss Probe: 
Senior UB... http://t.co/NzrA8w7m0M #NYSE #NASDAQ #DOW",0,1
"#GraphiteStocks So Bad It's Good: Surviving 2014: 
So Bad It's Good: Surviving 2014
3-star analyst Philip Van Deusen from Tigress Financial rated $SJM w/a BUY. Philip has a 72.7% success rate http://t.co/2SrfS0vODe #NYSE,1,0
"#GraphiteStocks Saint Jean Carbon to Acquire Miller East Lump Graphite Project: 
"$NXTD any kind of buying pressure and she RUNs HARD! #Wocket
#MONEY
#NASDAQ
#STOCKPICKS
#MAKEMONEY
#WALLSTREET
#NYSE
"$HPQ $BBY pre-earnings purchase, post-earnings jump #whatmorecanagirlaskfor #NYSE #Nasdaq",1,0
RT @VitaminShoppe: Closing bell #teamvitaminshoppe at @nyse #nyse #nysebell a great moment for our company. Spreading health &amp; wellness htt,1,0
Top Stocks (By Trading Liquidity): $CJES $QIHU $NETE $KBH $MHR $SSRI $CLDX $PXLW $ANV $INVN $GPRO $JKS $SNSS $CALL $SYNA #wallstreet #nyse,1,0
"The #NYSE Composite has closed up +0.17% at 11,047.91 whilst the #DJI Dow gains +0.07% to 17,827.75",1,0
Low yields could spell trouble for stocks http://t.co/4td0MyUWNS #NYSE,0,1
Low yields could spell trouble for stocks http://t.co/t2mdvICa4U #NYSE,0,1
Upgraded Stocks Trading in a New Range: $AAL $WERN $DWA $BDX $BWS $TERP $UTX $PINC $CPRT $QIHU $BYD $AA $OUTR $DENN $BEAT #watchlist #nyse,1,0
5-star analyst @ysquali from Cantor Fitzgerald maintained a BUY on $SSTK. Youssef has a 73.3% success rate http://t.co/Mufr1TFlF0 #NYSE,1,0
"RT @homelessdave0: IAMLET ME BECLEAR BIG #OIL #LNG
#OPEC
#FTSE #NYSE #DAX #KXL#KINDERMORGAN #MENA
"IAMLET ME BECLEAR BIG #OIL #LNG
#OPEC
#FTSE #NYSE #DAX #KXL#KINDERMORGAN #MENA
"RT @homelessdave0: IAMLET ME BECLEAR BIG #OIL #LNG
#OPEC
#FTSE #NYSE #DAX #KXL#KINDERMORGAN #MENA
"RT @homelessdave0: IAMLET ME BECLEAR BIG #OIL #LNG
#OPEC
#FTSE #NYSE #DAX #KXL#KINDERMORGAN #MENA
"RT @homelessdave0: IAMLET ME BECLEAR BIG #OIL #LNG
#OPEC
#FTSE #NYSE #DAX #KXL#KINDERMORGAN #MENA
Iron-Ore is Second Only To Oil as a Traded Commodity in Africa http://t.co/RADBt0hRO4 #energy #nyse,1,0
Many thanks to the Haven Tower Group for securing me a spot on #CNBC Closing Bell today at #nyse http://t.co/kOpBZlRqSb,1,0
3-star analyst Joan Storms from Wedbush maintained a BUY on $DG.  http://t.co/JgL8zMqu5l #NYSE #stocks #DG,1,0
5-star analyst Gordon Johnson from Axiom reiterated a SELL on $RIO. Gordon has a 73.4% success rate http://t.co/iQh9ecpkUQ #NYSE #stocks,0,1
5-star analyst Mark Mahaney from RBC Capital reiterated a BUY on $P. Mark has a 65.8% success rate http://t.co/X819CfzBDM #NYSE #stocks,1,0
"Tech Stocks Boost S&amp;P 500 Index Reach Record High, Led By Apple Inc., HP http://t.co/ZTRAHNHUR5 #NYSE",1,0
"Tech Stocks Boost S&amp;P 500 Index Reach Record High, Led By Apple Inc., HP http://t.co/YQ2AgJU8st #NYSE",1,0
4-star analyst Troy Jensen from Piper Jaffray reiterated a BUY on $BLOX. Troy has a +5.8% avg rtrn http://t.co/tORCBKguHJ #NYSE #stocks,1,0
4-star analyst James Goss from Barrington reiterated a BUY on $TWX. James has a 70.5% success rate http://t.co/bjRaNCQBH9 #NYSE #stocks,1,0
"Isnt it lovely to be able to kiss and cuddle, hold and gently explore each
"#Book: #Insider Dealing &amp; the #Market Abuse Regime in the #EU &amp; the #US 
US stocks climb to record levels http://t.co/XEktGB9maf #NYSE,1,0
US stocks climb to record levels http://t.co/pzldcs1vi7 #NYSE,1,0
5-star analyst Richard Kugele from Needham reiterated a BUY on $NMBL. Richard has a 70.8% success rate http://t.co/ZTps4hfTUd #NYSE #stocks,1,0
4-star analyst Paul Quinn from RBC Capital rated $LPX w/a SELL. Paul has a 61.3% success rate http://t.co/U8cRpCz51P #NYSE #stocks #LPX,0,1
Insiders Selling: $ENS $WSM $SBAC $RGLD $GPRO $PMCS $ABBV $TEX $MS $COVS $CTRL $AHT $EMN $CXW $COP http://t.co/TRx9EnjwT5 #finance #nyse,0,1
CORRUPT WALL STREET STOCK MARKET COLLAPSES TO NEVER RECOUPERATE http://t.co/Ol4CO2Pyec #dollar #nyse #stocks #stockmarket #money #rfid #gold,0,1
4-star analyst Michael Rollins from Citigroup rated $ZAYO w/a BUY. Michael has a 63.2% success rate http://t.co/NuAtB38VTi #NYSE #stocks,1,0
"DON'T FORGET . . . Exchanges close early today - trading hours for NYSE are listed here: https://t.co/ZZConKbAUZ 
4-star analyst Jerry Revich from Goldman Sachs maintained a SELL on $DE. Jerry has a 61.5% success rate http://t.co/rSNRTdfzz8 #NYSE #stocks,0,1
Sony Picks Consoles And Sensors Over Smartphones And TV http://t.co/3eJcge0NHw $SNE #Stocks #Investing #NYSE #NASDAQ #Tech,1,0
"Facing escalating pushback, Canada's oil sands industry goes on the offensive http://t.co/fl8thwYc6f $TRP #Stocks #Investing #NYSE #Nasdaq",0,1
"RT @crazycanuck655: Facing escalating pushback, Canada's oil sands industry goes on the offensive http://t.co/fl8thwYc6f $TRP #Stocks #Inve",0,1
"RT @crazycanuck655: Facing escalating pushback, Canada's oil sands industry goes on the offensive http://t.co/fl8thwYc6f $TRP #Stocks #Inve",0,1
1-star analyst Judson Bailey from Wells Fargo maintained a SELL on $SDRL. Judson has a 22.2% success rate http://t.co/lHAcQ2d2UH #NYSE,0,1
#Recommended Burlington Stores $BURL #nyse at $17 last year. Currently $43.91. Strong sales and great management. #BurlingtonStores,1,0
#GraphiteStocks Philippine Metals Inc. Signs Letters of Intent to Acquire Copper Projects .... http://t.co/mJlXD6N0N3 #NYSE #NASDAQ #DOW,1,0
Gold Forecast: 4.46% Gain In 14 Days http://t.co/vOCeA59z7f #GoldSilverPredictions #GoldPrediction #stocks #nyse,1,0
Top Stocks (By Trading Liquidity): $CJES $QIHU $NETE $KBH $MHR $SSRI $CLDX $PXLW $ANV $INVN $GPRO $JKS $SNSS $CALL $SYNA #nyse #spy #stock,1,0
"Today, the #USA holiday, the day of #Thanksgiving .
1-star analyst Derik De Bruin from Merrill Lynch reiterated a BUY on $PLL. Derik has a -0.8% avg rtrn http://t.co/asi3aemJ3Z #NYSE #stocks,1,0
#HFT dilutes trust by market participants. Pushes fees down. #equitycrowdfunding appears not to be rigged like #nyse  http://t.co/kN2RnEQ3j6,1,0
"Syrian Electronic Army claims CBC, other media website hacks http://t.co/5NEpugr65f #NYSE",0,1
"Syrian Electronic Army claims CBC, other media website hacks http://t.co/W8Tj2tumBX #NYSE",0,1
My Full trade diary for this great #Swing #Trade on $EXC - fantastic 3.4% profit on my trading account balance http://t.co/GemOlAvXOh #nyse,1,0
"Is it just me, or does it seem a bit strange that #gold takes a hit over night into #NYSE holiday?",0,1
4-star analyst Simon Flannery from Morgan Stanley rated $ZAYO w/a BUY. Simon has a 77.3% success rate http://t.co/NuAtB38VTi #NYSE #stocks,1,0
RT @Violin_Europe: See our great CEO @ViolinMemory present at Barclays Global #Tech event on Dec 10: http://t.co/szNTqNvpGH #NYSE #VMEM htt,1,0
RT @ManCave_SA: The #NYSE trades a massive $16 trillion a year - by far the largest sum in the world! #ManCaveSA,1,0
"Yip!My future employers:""@ManCave_SA: The #NYSE trades a massive $16 trillion a year - by far the largest sum in the world! #ManCaveSA""",1,0
"Good thing #NYSE #NASDAQ are closed on #Thanksgiving, else with #Brent #crudeoil down $6+, markets are awaiting to go bonkers tomorrow.",0,1
4-star analyst Timothy Horan from Oppenheimer reiterated a BUY on $ZAYO. Timothy has a 67% success rate http://t.co/NuAtB38VTi #NYSE #stocks,1,0
1-star analyst Justin Furby from William Blair maintained a BUY on $WDAY. Justin has a -0.4% avg rtrn http://t.co/WEuJGRgtji #NYSE #stocks,1,0
"#Oil price falls$69HD
http://t.co/537kzD61Ul
#FTSE #NYSE #DAX#KXL#KINDERMORGAN#MENA #UN
#VANPOLI #DTES #INM #TSX #RUBLE#LNG#PETRONAS",0,1
"RT @homelessdave0: #Oil price falls$69HD
http://t.co/537kzD61Ul
#FTSE #NYSE #DAX#KXL#KINDERMORGAN#MENA #UN
#VANPOLI #DTES #INM #TSX #",0,1
"RT @homelessdave0: #Oil price falls$69HD
http://t.co/537kzD61Ul
#FTSE #NYSE #DAX#KXL#KINDERMORGAN#MENA #UN
#VANPOLI #DTES #INM #TSX #",0,1
"RT @homelessdave0: #Oil price falls$69HD
http://t.co/537kzD61Ul
#FTSE #NYSE #DAX#KXL#KINDERMORGAN#MENA #UN
#VANPOLI #DTES #INM #TSX #",0,1
"RT @homelessdave0: #Oil price falls$69HD
http://t.co/537kzD61Ul
#FTSE #NYSE #DAX#KXL#KINDERMORGAN#MENA #UN
#VANPOLI #DTES #INM #TSX #",0,1
"RT @OpFunKill: Steal tweet!
#SeaWorld #Stocks #Financial #Advice #NYSE #MadMoney #Markets #RealMoney #JimCramer #TheStreet SELL !!! http://",0,1
5-star analyst Sam Poser from Sterne Agee upgraded rating on $DSW to HOLD. Sam has a 77% success rate http://t.co/iTnmPw4FlA #NYSE #stocks,1,0
3-star analyst James Moorman from D.A. Davidson rated $ZAYO w/a BUY. James has a +9.4% avg rtrn http://t.co/NuAtB38VTi #NYSE #stocks #ZAYO,1,0
"#GraphiteStocks Roads to nowhere: 
Roads to nowhere
RT @SeaworId_: NEWS: SeaWorld flops its most important quarter of the year http://t.co/985AENYqCC #FloppySyndrome #Contagious #StayAway #,0,1
5-star analyst Michael Graham from Canaccord Genuity reiterated a BUY on $P. Michael has a +15.9% avg rtrn http://t.co/X819CfzBDM #NYSE,1,0
Good news! @ViolinMemory stock jumped 5% on Fiscal Q3 results. See http://t.co/9x0CaZmsdm -- #NYSE $VMEM http://t.co/2L9Sbd24IV,1,0
RT @ViolinMemory: Good news! @ViolinMemory stock jumped 5% on Fiscal Q3 results. See http://t.co/9x0CaZmsdm -- #NYSE $VMEM http://t.co/2L9S,1,0
"NYSE, Telecommunications, Negative, Previous hour, SD -1.53, #NYSE #Telecommunications",0,1
"NYSE, Utilities, Negative, Previous hour, SD -1.07, #NYSE #Utilities",0,1
"NYSE, Health Care, Positive, Previous hour, SD +1.08, #NYSE #HealthCare",1,0
"NYSE, Industrials, Positive, Previous hour, SD +1.00, #NYSE #Industrials",1,0
"NYSE, Basic Materials, Positive, Previous hour, SD +1.15, #NYSE #BasicMaterials",1,0
5-star analyst Ben Reitzes from Barclays reiterated a BUY on $HPQ. Ben has a 67% success rate http://t.co/1RYiVUUiqE #NYSE #stocks #HPQ,1,0
"NYSE, Consumer Services, Inactive, Previous hour, SD -1.02, #NYSE #ConsumerServices",0,1
"NYSE, Inactive, Previous hour, SD -1.08, #NYSE",0,1
"NYSE, Consumer Services, Inactive, Previous hour, SD -1.03, #NYSE #ConsumerServices",0,1
"NYSE, Financials, Inactive, Previous hour, SD -1.05, #NYSE #Financials",0,1
"NYSE, Consumer Services, Inactive, Previous hour, SD -1.12, #NYSE #ConsumerServices",0,1
"NYSE, Inactive, Previous hour, SD -1.11, #NYSE",0,1
"NYSE, Inactive, Previous hour, SD -1.15, #NYSE",0,1
"NYSE, Industrials, Inactive, Previous hour, SD -1.16, #NYSE #Industrials",0,1
"NYSE, Oil &amp; Gas, Inactive, Previous hour, SD -1.09, #NYSE #OilGas",0,1
"NYSE, Financials, Inactive, Previous hour, SD -1.17, #NYSE #Financials",0,1
"NYSE, Inactive, Previous hour, SD -1.39, #NYSE",0,1
"NYSE, Inactive, Previous hour, SD -1.28, #NYSE",0,1
"NYSE, Inactive, Previous hour, SD -1.09, #NYSE",0,1
"NYSE, Health Care, Positive, Previous hour, SD +1.07, #NYSE #HealthCare",1,0
"NYSE, Industrials, Inactive, Previous hour, SD -1.01, #NYSE #Industrials",0,1
"NYSE, Health Care, Positive, Previous hour, SD +1.00, #NYSE #HealthCare",1,0
"RT @am_alerts: NYSE, Telecommunications, Negative, Previous hour, SD -1.53, #NYSE #Telecommunications",0,1
"#GraphiteStocks Company Disclosure on Insider Transaction: Entegris Inc , Prgx Global: 
"Monetary Morphine DayTradingradio's Daily #Newspaper
"@ABABankers Pigs Get Fat&amp;Hogs Get Slaughtered @COSIA_ca
#FTSE #NYSE #DAX#KXL#OIL#MENA #ASX
#VANPOLI #DTES #INM #TSX #LNG#PETRONAS#TECH",0,1
"RT @homelessdave0: @ABABankers Pigs Get Fat&amp;Hogs Get Slaughtered @COSIA_ca
#FTSE #NYSE #DAX#KXL#OIL#MENA #ASX
#VANPOLI #DTES #INM #TSX ",0,1
"RT @homelessdave0: @ABABankers Pigs Get Fat&amp;Hogs Get Slaughtered @COSIA_ca
#FTSE #NYSE #DAX#KXL#OIL#MENA #ASX
#VANPOLI #DTES #INM #TSX ",0,1
"RT @homelessdave0: @ABABankers Pigs Get Fat&amp;Hogs Get Slaughtered @COSIA_ca
#FTSE #NYSE #DAX#KXL#OIL#MENA #ASX
#VANPOLI #DTES #INM #TSX ",0,1
"RT @homelessdave0: @ABABankers Pigs Get Fat&amp;Hogs Get Slaughtered @COSIA_ca
#FTSE #NYSE #DAX#KXL#OIL#MENA #ASX
#VANPOLI #DTES #INM #TSX ",0,1
@MandyCNBC I think that was the first time #NYSE traded a billion shares. Was a confusing week.,1,0
When J.P. Morgan died the #NYSE closed.   It hasn't closed for a civilian since.  #money #banks,0,1
"NYSE, Consumer Services, Inactive, Previous hour, SD -1.12, #NYSE #ConsumerServices",0,1
"NYSE, Health Care, Negative, Previous hour, SD -1.18, #NYSE #HealthCare",0,1
"NYSE, Inactive, Previous hour, SD -1.31, #NYSE",0,1
"NYSE, Inactive, Previous hour, SD -1.19, #NYSE",0,1
"NYSE, Consumer Goods, Positive, Previous hour, SD +1.28, #NYSE #ConsumerGoods",1,0
"NYSE, Health Care, Positive, Previous hour, SD +1.01, #NYSE #HealthCare",1,0
"NYSE, Consumer Services, Positive, Previous hour, SD +1.09, #NYSE #ConsumerServices",1,0
"NYSE, Utilities, Positive, Previous hour, SD +1.12, #NYSE #Utilities",1,0
"NYSE, Financials, Positive, Previous hour, SD +1.08, #NYSE #Financials",1,0
"NYSE, Inactive, Previous hour, SD -1.24, #NYSE",0,1
"NYSE, Inactive, Previous hour, SD -1.37, #NYSE",0,1
"#GraphiteStocks Triton Minerals Limited (ASX:TON) Nicanda Hill Update: 
"#GraphiteStocks Insider Trading Update: Entegris Inc , American Capital: 
Poor performance catching up with active stock fund managers http://t.co/TCnvjzwoiJ #NYSE,0,1
Poor performance catching up with active stock fund managers http://t.co/4kw6n1S3sv #NYSE,0,1
New York Stock Exchange resumes bond tradin #bondtrading #NYSE http://t.co/TeNnSaRjyq,1,0
"#GraphiteStocks Iron Ore on 'Fast Forward' as Goldman May Cut Price Forecast: 
Iron Ore on ... http://t.co/9dlO3cKQQp #NYSE #NASDAQ #DOW",1,0
Hedge Funds Trimming: $PBI $EXR $PRE $HAWK $ISRG $ETN $EV $CCI $BEE $OUTR $VTR $R $KLAC $WDAY $MWE http://t.co/TRx9EnjwT5 #nyse #daytrader,0,1
"Isnt it lovely to be able to kiss and cuddle, hold and gently explore each
"US30 below 17,800  | SPX 2068 #Futures #Equities #Stocks #Shares #NYSE",0,1
"RT @NourHammoury: US30 below 17,800  | SPX 2068 #Futures #Equities #Stocks #Shares #NYSE",0,1
 short /  / $GLNG $SHLD $FLS /  / # #nyse #nasdaq #,0,1
In Play /  / $DE /  / # #nyse #nasdaq #,1,0
"#GraphiteStocks The Mole Man?s Tunnel to Nowhere: 
The Mole Man?s Tunnel to Nowhere
Top Stock Picks: $HLF $YHOO $HPQ $AMBA $CVTI $BLOX $GPRO $TASR $BDX $MYL http://t.co/Vv2VEnpBuv #daytrader #stocks #dow #watchlist #nyse,1,0
Stock futures edge lower as oil suffers worst day since May 2011 http://t.co/yKxVChNfRe #NYSE,0,1
Stock futures edge lower as oil suffers worst day since May 2011 http://t.co/iQtRw80vrv #NYSE,0,1
"#GraphiteStocks Steady Movements - GrafTech International Ltd(NYSE:GTI), Primero Mining Cor... http://t.co/UPSemzvVLB #NYSE #NASDAQ #DOW",1,0
$SDRL upgraded by Goldman from Sell to Neutral. http://t.co/1aIh4Rkvud  $SPY $DIA $QQQ #stocks #trading #stockupgrade #nyse #nasdaq,1,0
$BRGYY $STO downgraded by Nomura from Neutral to Reduce. http://t.co/1aIh4Rkvud   $DIA $QQQ $SPY #stockdowngrade #stocks #nyse #nasdaq,0,1
$FMS downgraded by Morgan Stanley from Overweight to Equal-Weight. http://t.co/1aIh4Rkvud $DIA $QQQ $SPY #stockdowngrade #stocks #nyse,0,1
$BPESF $CTRP downgraded by JP Morgan from Overweight to Neutral. http://t.co/1aIh4Rkvud $DIA $QQQ $SPY #stockdowngrade #stocks #nyse #nasdaq,0,1
$TOT downgraded by Nomura from Buy to Neutral. http://t.co/1aIh4Rkvud $DIA $QQQ $SPY #stockdowngrade #stocks #nyse,0,1
"Saudis Block OPEC Output Cut, Oil Price Sinks Further http://t.co/CDVCNuKDLf #Energy #Opec #OIL #Oilprices #Stocks #Investing #NYSE #NASDAQ",0,1
Lexington Realty Trust Sells Office Buildings http://t.co/TehikEwGzx #NYSE,0,1
Lexington Realty Trust Sells Office Buildings http://t.co/JwadULxnsu #NYSE,0,1
"#NYSE Early Close 1:00 ET

#Globex Energy, Metals &amp; DME Products - Early Close
1245 CT / 1345 ET / 1845 UTC 
Tech Stocks Boost S&amp;P 500 To Historic Highs http://t.co/QJu5SkpM07 #Stocks #Investing #NYSE #NASDAQ  #investor #Investing $SPY $IWM $QQQ,1,0
RT @crazycanuck655: Tech Stocks Boost S&amp;P 500 To Historic Highs http://t.co/QJu5SkpM07 #Stocks #Investing #NYSE #NASDAQ  #investor #Investi,1,0
The case for buying Hewlett-Packard ahead of its split http://t.co/mlhlNr85Sg $HPQ #Stocks #Investing #NYSE #NASDAQ,1,0
Upgraded Stocks Active in Pre-Market: $DWA $SCTY $ROST $JBLU $TRUE $PETM $THOR $VOLC $BBRY $GERN $AMAT $AMBC $AAPL $ZNGA $PLNR #nyse #spy,1,0
"RT @crazycanuck655: Saudis Block OPEC Output Cut, Oil Price Sinks Further http://t.co/CDVCNuKDLf #Energy #Opec #OIL #Oilprices #Stocks #Inv",0,1
RT @StockSignaling: Upgraded Stocks Active in Pre-Market: $DWA $SCTY $ROST $JBLU $TRUE $PETM $THOR $VOLC $BBRY $GERN $AMAT $AMBC $AAPL $ZNG,1,0
"@Visa #VISA #NASDAQ #NYSE looks like the peak begins for visa, analytics show a spiral for Visa $V. Placing a put option for 255 EXP Dec 20.",0,1
Natural Gas stocks are taking a beating today.  #NYSE,0,1
"We are all the GOLD BUGS? jaja
  $DUST $JDST 
Movers and Shakers: Recently Upgraded: $NADL $SO $SDRL $SPLS $AAL $HES $GLNG $MXIM $BDX $BLOX $KKR $QIHU $SCTY $TJX $PBR #trading #nyse,1,0
http://t.co/0G6slm4mLv: Great new IR site created for Manchester United by Investis- take a look through. #manutd #IR #nyse,1,0
@GuardianUS Black Friday - a black day for #Walmart. Situation in stores will convert in problems on #NYSE. #Shareholders:#WalmartStrikers,0,1
Fun watching my sister Tatum Bailey ring the bell w/the #target CEO #briancornell at the #NYSE http://t.co/9DcgEsXs7n,1,0
#Target team rings the bell at the #NYSE on #BlackFriday http://t.co/Q7c75rdVMC,1,0
Billions wiped off energy shares as investors rush for exit http://t.co/7HysQt7Bjx #NYSE,0,1
Billions wiped off energy shares as investors rush for exit http://t.co/nQXJcB0Kd2 #NYSE,0,1
RT @ViolinMemory: Good news! @ViolinMemory stock jumped 5% on Fiscal Q3 results. See http://t.co/9x0CaZmsdm -- #NYSE $VMEM http://t.co/2L9S,1,0
"Harper's ""Wild West Agenda"" shot down at major law conference. http://t.co/jyRCwIZIXK #canada #law #pensions #retirement #seniors #nyse #yyc",0,1
"#GraphiteStocks HSBC &amp; Goldman Sachs Under Fire Again: 
HSBC &amp; Goldman Sachs Under Fire Aga... http://t.co/xopFxT4pxF #NYSE #NASDAQ #DOW",0,1
Citigroup rapped for poor analyst supervision http://t.co/u9oxB40ZUd #NYSE,0,1
Citigroup rapped for poor analyst supervision http://t.co/JjBch3zJgY #NYSE,0,1
RT @StockSignaling: Movers and Shakers: Recently Upgraded: $NADL $SO $SDRL $SPLS $AAL $HES $GLNG $MXIM $BDX $BLOX $KKR $QIHU $SCTY $TJX $PB,1,0
,,
